time,phase,left_hip_yaw,left_hip_roll,left_hip_pitch,left_knee,left_ankle_pitch,left_ankle_roll,right_hip_yaw,right_hip_roll,right_hip_pitch,right_knee,right_ankle_pitch,right_ankle_roll
0.0,0.034,0.007008,0.139139,-0.560295,0.853534,-0.343727,-0.139314,-0.007008,-0.139139,-0.449318,0.853534,-0.454704,0.139314
0.02,0.068,0.006246,0.124166,-0.558344,0.863947,-0.355991,-0.124322,-0.00801,-0.158709,-0.525681,0.968507,-0.493463,0.158909
0.04,0.102,0.005483,0.109136,-0.55565,0.873033,-0.367682,-0.109273,-0.009116,-0.180192,-0.604491,1.084882,-0.531215,0.18042
0.06,0.136,0.004721,0.094057,-0.552234,0.880823,-0.378811,-0.094175,-0.010322,-0.203407,-0.680393,1.192868,-0.563528,0.203665
0.08,0.17,0.003958,0.078934,-0.548115,0.887342,-0.389383,-0.079033,-0.011604,-0.227863,-0.749315,1.285655,-0.587667,0.228153
0.1,0.204,0.003196,0.063775,-0.54331,0.892612,-0.399404,-0.063855,-0.01292,-0.252662,-0.807549,1.357826,-0.601917,0.252985
0.12,0.238,0.002433,0.048586,-0.537833,0.896647,-0.408873,-0.048647,-0.014198,-0.276455,-0.851245,1.404433,-0.605164,0.27681
0.14,0.272,0.001671,0.033375,-0.531697,0.899461,-0.417792,-0.033417,-0.015343,-0.297497,-0.876138,1.420319,-0.59648,0.297881
0.16,0.306,0.001895,0.037851,-0.523705,0.898759,-0.425091,-0.037898,-0.015027,-0.291707,-0.887004,1.416462,-0.581666,0.292083
0.18,0.34,0.002658,0.053056,-0.514422,0.895588,-0.431236,-0.053122,-0.013832,-0.269659,-0.879863,1.387139,-0.559152,0.270005
0.2,0.374,0.00342,0.068237,-0.504509,0.891191,-0.436798,-0.068322,-0.012533,-0.245404,-0.852817,1.329558,-0.528287,0.245717
0.22,0.408,0.004182,0.083386,-0.493966,0.885555,-0.441764,-0.08349,-0.011221,-0.220586,-0.808993,1.24918,-0.49143,0.220866
0.24,0.442,0.004945,0.098497,-0.48279,0.878665,-0.446119,-0.09862,-0.009958,-0.196422,-0.751663,1.151377,-0.450695,0.196671
0.26,0.476,0.005707,0.113562,-0.470974,0.870496,-0.449847,-0.113705,-0.00878,-0.173681,-0.684443,1.042182,-0.408502,0.1739
0.28,0.51,0.00647,0.128576,-0.458511,0.861024,-0.452929,-0.128738,-0.007704,-0.152753,-0.611742,0.92939,-0.368238,0.152945
0.3,0.544,0.007292,0.144695,-0.471117,0.886437,-0.465848,-0.144877,-0.006784,-0.134741,-0.5598,0.856736,-0.347394,0.134911
0.32,0.578,0.008324,0.164832,-0.548884,1.003108,-0.504912,-0.16504,-0.006021,-0.119751,-0.557628,0.866756,-0.359488,0.119901
0.34,0.612,0.009461,0.186856,-0.627314,1.117858,-0.541431,-0.187092,-0.005259,-0.104706,-0.554719,0.875457,-0.371014,0.104837
0.36,0.646,0.010693,0.210503,-0.701556,1.221995,-0.571569,-0.21077,-0.004496,-0.089613,-0.551095,0.882871,-0.381978,0.089725
0.38,0.68,0.011991,0.235173,-0.767719,1.309246,-0.592943,-0.235473,-0.003734,-0.074479,-0.546772,0.889021,-0.392388,0.074572
0.4,0.714,0.013304,0.259837,-0.822091,1.374408,-0.604055,-0.260169,-0.002971,-0.05931,-0.541768,0.893926,-0.402246,0.059385
0.42,0.748,0.014554,0.283015,-0.860722,1.412543,-0.603894,-0.283379,-0.002209,-0.044114,-0.536096,0.897601,-0.411554,0.044169
0.44,0.782,0.015639,0.302883,-0.879192,1.418291,-0.591485,-0.303274,-0.001446,-0.028898,-0.529768,0.900057,-0.42031,0.028934
0.46,0.816,0.014692,0.285562,-0.887153,1.411117,-0.576076,-0.285929,-0.002119,-0.042325,-0.52104,0.897953,-0.426958,0.042378
0.48,0.85,0.013456,0.262673,-0.873836,1.372884,-0.550825,-0.26301,-0.002882,-0.057524,-0.511572,0.894422,-0.432933,0.057596
0.5,0.884,0.012146,0.238099,-0.841527,1.308048,-0.517974,-0.238403,-0.003644,-0.072696,-0.501474,0.889662,-0.438321,0.072787
0.52,0.918,0.010843,0.213368,-0.79338,1.221974,-0.479754,-0.213639,-0.004407,-0.087834,-0.490745,0.88366,-0.443109,0.087945
0.54,0.952,0.009601,0.189561,-0.732742,1.12014,-0.438311,-0.189802,-0.005169,-0.102933,-0.479381,0.876396,-0.447281,0.103062
0.56,0.986,0.008452,0.167328,-0.6634,1.008961,-0.396269,-0.167539,-0.005932,-0.117984,-0.467376,0.867847,-0.450821,0.118132
0.58,0.02,0.007408,0.146964,-0.590132,0.897048,-0.357461,-0.147149,-0.006694,-0.132981,-0.454721,0.857985,-0.453709,0.133148
0.6,0.054,0.00656,0.130338,-0.559239,0.859822,-0.351011,-0.130503,-0.007584,-0.150417,-0.493561,0.920281,-0.477291,0.150607
0.62,0.088,0.005797,0.115331,-0.556848,0.86945,-0.362937,-0.115476,-0.008648,-0.17112,-0.572129,1.037512,-0.516125,0.171336
0.64,0.122,0.005035,0.100271,-0.553727,0.87777,-0.374296,-0.100397,-0.009814,-0.193662,-0.649768,1.149901,-0.551086,0.193907
0.66,0.156,0.004272,0.085166,-0.549895,0.88481,-0.385097,-0.085272,-0.011069,-0.21769,-0.722019,1.249655,-0.578845,0.217967
0.68,0.19,0.00351,0.070021,-0.545371,0.890592,-0.395344,-0.070108,-0.012378,-0.242485,-0.785105,1.330924,-0.597328,0.242795
0.7,0.224,0.002747,0.054843,-0.540169,0.895134,-0.405041,-0.054912,-0.013682,-0.266885,-0.835275,1.388656,-0.605218,0.267227
0.72,0.258,0.001985,0.039641,-0.534303,0.89845,-0.414186,-0.03969,-0.014895,-0.289289,-0.86846,1.417859,-0.601568,0.289661
0.74,0.292,0.001581,0.031584,-0.527344,0.899712,-0.422393,-0.031624,-0.015464,-0.299703,-0.88343,1.418906,-0.58781,0.30009
0.76,0.326,0.002344,0.046798,-0.51832,0.897041,-0.428776,-0.046856,-0.014342,-0.27911,-0.885391,1.402966,-0.56959,0.279469
0.78,0.36,0.003106,0.061989,-0.508667,0.89315,-0.434579,-0.062067,-0.013074,-0.255544,-0.866166,1.356331,-0.541845,0.255871
0.8,0.394,0.003869,0.077152,-0.498384,0.888027,-0.439792,-0.077249,-0.011759,-0.230785,-0.828865,1.2847,-0.507197,0.231079
0.82,0.428,0.004631,0.09228,-0.487469,0.881655,-0.4444,-0.092395,-0.010469,-0.206233,-0.776684,1.193398,-0.467797,0.206495
0.84,0.462,0.005393,0.107365,-0.475917,0.874016,-0.448389,-0.107499,-0.009253,-0.18284,-0.713062,1.088081,-0.425867,0.183071
0.86,0.496,0.006156,0.1224,-0.463722,0.865084,-0.451739,-0.122554,-0.008134,-0.161138,-0.642005,0.97565,-0.384302,0.161342
0.88,0.53,0.006918,0.137381,-0.450873,0.854829,-0.454432,-0.137554,-0.007121,-0.141342,-0.568742,0.865702,-0.347463,0.14152
0.9,0.564,0.007886,0.156306,-0.516446,0.954674,-0.488846,-0.156503,-0.006335,-0.12593,-0.558613,0.862791,-0.354578,0.126089
0.92,0.598,0.008981,0.177569,-0.595283,1.071472,-0.526989,-0.177793,-0.005573,-0.110907,-0.556005,0.872032,-0.366336,0.111046
0.94,0.632,0.010175,0.200599,-0.671753,1.180838,-0.560109,-0.200853,-0.00481,-0.095833,-0.552673,0.879973,-0.377531,0.095953
0.96,0.666,0.011451,0.224946,-0.74169,1.275711,-0.585314,-0.225233,-0.004048,-0.080715,-0.548636,0.886641,-0.388168,0.080816
0.98,0.7,0.012766,0.249767,-0.801375,1.350567,-0.600794,-0.250086,-0.003285,-0.06556,-0.543911,0.892056,-0.398253,0.065642
1.0,0.734,0.014053,0.273762,-0.846993,1.400439,-0.605382,-0.274114,-0.002523,-0.050374,-0.538512,0.896236,-0.407788,0.050437
1.02,0.768,0.015219,0.295227,-0.874337,1.42023,-0.598157,-0.295608,-0.00176,-0.035165,-0.532452,0.899193,-0.416771,0.035209
1.04,0.802,0.015156,0.294069,-0.886391,1.417777,-0.58363,-0.294448,-0.001805,-0.036061,-0.524755,0.899053,-0.42433,0.036106
1.06,0.836,0.013979,0.272403,-0.881796,1.392166,-0.562286,-0.272752,-0.002568,-0.051268,-0.515547,0.896024,-0.430543,0.051332
1.08,0.87,0.012688,0.248315,-0.856931,1.337618,-0.53227,-0.248632,-0.00333,-0.066452,-0.505708,0.891772,-0.436174,0.066535
1.1,0.904,0.011374,0.223491,-0.814915,1.259648,-0.496009,-0.223775,-0.004093,-0.081605,-0.495239,0.886283,-0.441211,0.081708
1.12,0.938,0.010103,0.199202,-0.758995,1.163602,-0.455616,-0.199454,-0.004855,-0.096721,-0.484138,0.879541,-0.445639,0.096842
1.14,0.972,0.008913,0.176267,-0.692732,1.055389,-0.413445,-0.176489,-0.005618,-0.111792,-0.472398,0.871524,-0.449441,0.111933
1.16,0.006,0.007825,0.155115,-0.620404,0.942522,-0.372726,-0.155311,-0.00638,-0.126812,-0.460011,0.862207,-0.4526,0.126972
1.18,0.04,0.006874,0.136501,-0.560006,0.855469,-0.345933,-0.136673,-0.007177,-0.142453,-0.462307,0.873139,-0.461344,0.142632
1.2,0.074,0.006111,0.121517,-0.557922,0.865646,-0.358095,-0.12167,-0.008197,-0.162363,-0.53959,0.989276,-0.500354,0.162568
1.22,0.108,0.005349,0.106478,-0.555099,0.874501,-0.369687,-0.106612,-0.009322,-0.184172,-0.618223,1.10477,-0.537408,0.184406
1.24,0.142,0.004586,0.091391,-0.551558,0.882065,-0.380717,-0.091505,-0.010543,-0.207653,-0.69317,1.210513,-0.568442,0.207916
1.26,0.176,0.003824,0.076261,-0.547317,0.888362,-0.391192,-0.076357,-0.011836,-0.232247,-0.760474,1.300032,-0.590938,0.232543
1.28,0.21,0.003061,0.061096,-0.542392,0.893413,-0.401115,-0.061173,-0.013151,-0.25698,-0.816432,1.368049,-0.603316,0.257308
1.3,0.244,0.002299,0.045903,-0.536798,0.897232,-0.410487,-0.045961,-0.014413,-0.280423,-0.857133,1.409626,-0.604527,0.280783
1.32,0.278,0.001536,0.030689,-0.530546,0.899831,-0.419309,-0.030727,-0.015523,-0.30078,-0.878224,1.419495,-0.593623,0.301168
1.34,0.312,0.00203,0.040535,-0.522112,0.898288,-0.426217,-0.040586,-0.014828,-0.288059,-0.887327,1.413601,-0.578425,0.28843
1.36,0.346,0.002792,0.055737,-0.512718,0.894901,-0.43226,-0.055807,-0.013607,-0.265487,-0.876449,1.378869,-0.554238,0.265828
1.38,0.38,0.003555,0.070913,-0.502695,0.890287,-0.437718,-0.071001,-0.012301,-0.241024,-0.846212,1.31688,-0.522158,0.241332
1.4,0.414,0.004317,0.086055,-0.49204,0.884431,-0.442577,-0.086163,-0.010993,-0.216246,-0.79976,1.233029,-0.484462,0.216521
1.42,0.448,0.00508,0.101159,-0.480751,0.877317,-0.446823,-0.101286,-0.009743,-0.19229,-0.740407,1.132743,-0.443276,0.192533
1.44,0.482,0.005842,0.116216,-0.468822,0.86892,-0.450438,-0.116362,-0.008582,-0.16985,-0.671868,1.022274,-0.401137,0.170064
1.46,0.516,0.006604,0.13122,-0.456244,0.859214,-0.453404,-0.131385,-0.007525,-0.149259,-0.598761,0.909887,-0.361689,0.149447
1.48,0.55,0.007466,0.148108,-0.48452,0.906656,-0.472691,-0.148295,-0.006649,-0.1321,-0.559471,0.858602,-0.34957,0.132267
1.5,0.584,0.008517,0.168585,-0.562835,1.02379,-0.511675,-0.168798,-0.005887,-0.1171,-0.557168,0.868386,-0.361563,0.117247
1.52,0.618,0.009672,0.190923,-0.640837,1.137207,-0.547296,-0.191165,-0.005124,-0.102046,-0.554131,0.876859,-0.372989,0.102174
1.54,0.652,0.010918,0.214806,-0.713924,1.238776,-0.576029,-0.215079,-0.004362,-0.086945,-0.550382,0.884048,-0.383855,0.087054
1.56,0.686,0.012223,0.239562,-0.778279,1.32249,-0.595683,-0.239868,-0.003599,-0.071804,-0.545939,0.889977,-0.394167,0.071894
1.58,0.72,0.013532,0.264083,-0.830171,1.383245,-0.604871,-0.264422,-0.002837,-0.05663,-0.540816,0.894664,-0.403928,0.056701
1.6,0.754,0.01476,0.286817,-0.865582,1.416077,-0.602627,-0.287186,-0.002074,-0.04143,-0.535027,0.898123,-0.413139,0.041482
1.62,0.788,0.015581,0.30184,-0.88166,1.418462,-0.589172,-0.30223,-0.001491,-0.029793,-0.528364,0.899946,-0.421604,0.029831
1.64,0.822,0.014484,0.281724,-0.88632,1.406553,-0.572287,-0.282086,-0.002254,-0.045009,-0.519415,0.897419,-0.428055,0.045065
1.66,0.856,0.013227,0.25841,-0.869426,1.363219,-0.545511,-0.258741,-0.003016,-0.060203,-0.509836,0.893672,-0.433927,0.060279
1.68,0.89,0.011913,0.23371,-0.834089,1.294251,-0.51156,-0.234008,-0.003779,-0.07537,-0.499626,0.888694,-0.43921,0.075465
1.7,0.924,0.010618,0.209076,-0.783487,1.204983,-0.47261,-0.209341,-0.004541,-0.090502,-0.488786,0.88247,-0.44389,0.090615
1.72,0.958,0.009391,0.185511,-0.721019,1.100991,-0.430846,-0.185746,-0.005304,-0.105592,-0.477309,0.874981,-0.447952,0.105725
1.74,0.992,0.00826,0.163594,-0.650596,0.988968,-0.389049,-0.163801,-0.006066,-0.120634,-0.46519,0.866203,-0.451379,0.120786
1.76,0.026,0.007234,0.143571,-0.577258,0.878095,-0.351357,-0.143751,-0.006829,-0.135621,-0.452419,0.856105,-0.45415,0.135792
1.78,0.06,0.006425,0.127694,-0.558871,0.861617,-0.353157,-0.127855,-0.007764,-0.15393,-0.507251,0.940874,-0.484221,0.154125
1.8,0.094,0.005663,0.112677,-0.55635,0.871013,-0.364982,-0.112819,-0.008846,-0.17497,-0.58604,1.057956,-0.522692,0.175192
1.82,0.128,0.0049,0.097609,-0.553102,0.879105,-0.376243,-0.097731,-0.01003,-0.197809,-0.663022,1.168606,-0.55658,0.19806
1.84,0.162,0.004138,0.082496,-0.549147,0.885921,-0.386946,-0.082599,-0.011298,-0.222037,-0.733923,1.265489,-0.582826,0.22232
1.86,0.196,0.003375,0.067344,-0.544502,0.891483,-0.397095,-0.067429,-0.012611,-0.24686,-0.795007,1.342962,-0.599519,0.247176
1.88,0.23,0.002613,0.052162,-0.539182,0.895808,-0.406695,-0.052227,-0.013906,-0.271035,-0.842489,1.39603,-0.605437,0.271382
1.9,0.264,0.00185,0.036956,-0.533199,0.898908,-0.415743,-0.037002,-0.015092,-0.292895,-0.872218,1.419645,-0.599654,0.293273
1.92,0.298,0.001716,0.03427,-0.525797,0.899329,-0.423561,-0.034313,-0.015282,-0.29637,-0.885454,1.418604,-0.585431,0.296752
1.94,0.332,0.002478,0.04948,-0.516663,0.896444,-0.429842,-0.049542,-0.014126,-0.275113,-0.883449,1.396794,-0.565301,0.275467
1.96,0.366,0.003241,0.064667,-0.506898,0.892336,-0.435543,-0.064748,-0.012843,-0.251216,-0.860807,1.345353,-0.536168,0.251537
1.98,0.4,0.004003,0.079824,-0.496504,0.886994,-0.44065,-0.079925,-0.011528,-0.226404,-0.820644,1.269864,-0.50053,0.226692
2.0,0.434,0.004766,0.094945,-0.485477,0.8804,-0.44515,-0.095064,-0.010248,-0.202001,-0.766184,1.175657,-0.460511,0.202257
2.02,0.468,0.005528,0.110022,-0.473812,0.872535,-0.449027,-0.11016,-0.009048,-0.178877,-0.700935,1.068529,-0.418405,0.179104
2.04,0.502,0.00629,0.125048,-0.461502,0.863371,-0.452263,-0.125206,-0.007948,-0.157504,-0.629059,0.955732,-0.377301,0.157703
2.06,0.536,0.007064,0.140237,-0.453615,0.860018,-0.456899,-0.140414,-0.006963,-0.13826,-0.560202,0.854184,-0.344464,0.138434
2.08,0.57,0.008072,0.15992,-0.530311,0.97543,-0.495766,-0.160122,-0.006201,-0.123283,-0.558206,0.864518,-0.356694,0.123438
2.1,0.604,0.009184,0.181513,-0.60908,1.091543,-0.5333,-0.181743,-0.005438,-0.10825,-0.555469,0.873527,-0.368352,0.108386
2.12,0.638,0.010395,0.204818,-0.684677,1.198804,-0.565195,-0.205078,-0.004676,-0.093168,-0.552011,0.881241,-0.379448,0.093285
2.14,0.672,0.011681,0.229323,-0.753073,1.29052,-0.588792,-0.229615,-0.003913,-0.078043,-0.547851,0.887687,-0.389988,0.078141
2.16,0.706,0.012997,0.254105,-0.810561,1.361323,-0.602422,-0.25443,-0.003151,-0.062882,-0.543006,0.892883,-0.399976,0.062961
2.18,0.74,0.01427,0.277788,-0.853274,1.406272,-0.604993,-0.278145,-0.002388,-0.047692,-0.53749,0.896846,-0.409413,0.047752
2.2,0.774,0.015404,0.298608,-0.876916,1.420173,-0.595574,-0.298994,-0.001626,-0.03248,-0.531315,0.899588,-0.418299,0.03252
2.22,0.808,0.014961,0.290505,-0.887191,1.415626,-0.580624,-0.290879,-0.00194,-0.038746,-0.523176,0.898607,-0.425468,0.038794
2.24,0.842,0.013757,0.268275,-0.878793,1.384479,-0.557542,-0.268619,-0.002702,-0.05395,-0.513856,0.895363,-0.43158,0.054017
2.26,0.876,0.012456,0.243945,-0.850673,1.32541,-0.526264,-0.244257,-0.003465,-0.069129,-0.503907,0.890894,-0.437107,0.069215
2.28,0.91,0.011145,0.219137,-0.805961,1.243856,-0.48912,-0.219415,-0.004227,-0.084276,-0.493326,0.885185,-0.442037,0.084381
2.3,0.944,0.009886,0.195039,-0.747944,1.145204,-0.448227,-0.195286,-0.00499,-0.099384,-0.482112,0.87822,-0.446356,0.099509
2.32,0.978,0.008714,0.172397,-0.68027,1.035557,-0.40604,-0.172615,-0.005752,-0.114447,-0.470259,0.869976,-0.450046,0.114591
2.34,0.012,0.007644,0.151581,-0.607412,0.92286,-0.366029,-0.151773,-0.006515,-0.129457,-0.457758,0.860425,-0.45309,0.12962
2.36,0.046,0.006739,0.133861,-0.559693,0.857363,-0.348121,-0.13403,-0.00735,-0.145826,-0.475561,0.893144,-0.468119,0.14601
2.38,0.08,0.005977,0.118867,-0.557477,0.867304,-0.360182,-0.119017,-0.008388,-0.166077,-0.553534,1.010013,-0.507177,0.166286
2.4,0.114,0.005214,0.103819,-0.554526,0.875929,-0.371674,-0.10395,-0.009531,-0.188206,-0.631837,1.124347,-0.543409,0.188444
2.42,0.148,0.004452,0.088724,-0.55086,0.883268,-0.382606,-0.088835,-0.010767,-0.211934,-0.705708,1.227649,-0.573087,0.212203
2.44,0.182,0.003689,0.073587,-0.546497,0.889344,-0.392983,-0.07368,-0.012068,-0.236636,-0.771281,1.313738,-0.593892,0.236938
2.46,0.216,0.002927,0.058417,-0.541453,0.894176,-0.402809,-0.05849,-0.01338,-0.261258,-0.82484,1.377449,-0.604366,0.261592
2.48,0.25,0.002164,0.04322,-0.535742,0.897779,-0.412084,-0.043274,-0.014623,-0.284294,-0.862413,1.413834,-0.603514,0.28466
2.5,0.284,0.001402,0.028002,-0.529375,0.900164,-0.420808,-0.028037,-0.015695,-0.303907,-0.879546,1.417488,-0.590345,0.304299
2.52,0.318,0.002164,0.04322,-0.5205,0.897779,-0.427326,-0.043274,-0.014623,-0.284294,-0.886951,1.409706,-0.574848,0.28466
2.54,0.352,0.002927,0.058417,-0.510995,0.894176,-0.433267,-0.05849,-0.01338,-0.261258,-0.872431,1.369752,-0.549079,0.261592
2.56,0.386,0.003689,0.073587,-0.50086,0.889344,-0.438619,-0.07368,-0.012068,-0.236636,-0.839101,1.303521,-0.515854,0.236938
2.58,0.42,0.004452,0.088724,-0.490094,0.883268,-0.443371,-0.088835,-0.010767,-0.211934,-0.790125,1.216363,-0.477384,0.212203
2.6,0.454,0.005214,0.103819,-0.478693,0.875929,-0.447507,-0.10395,-0.009531,-0.188206,-0.728863,1.113788,-0.435824,0.188444
2.62,0.488,0.005977,0.118867,-0.46665,0.867304,-0.451009,-0.119017,-0.008388,-0.166077,-0.659145,1.002298,-0.393851,0.166286
2.64,0.522,0.006739,0.133861,-0.453956,0.857363,-0.453859,-0.13403,-0.00735,-0.145826,-0.58583,0.890686,-0.355393,0.14601
2.66,0.556,0.007644,0.151581,-0.498109,0.927127,-0.479598,-0.151773,-0.006515,-0.129457,-0.559119,0.860425,-0.351728,0.12962
2.68,0.59,0.008714,0.172397,-0.576771,1.044347,-0.518329,-0.172615,-0.005752,-0.114447,-0.556685,0.869976,-0.363621,0.114591
2.7,0.624,0.009886,0.195039,-0.654206,1.156182,-0.552943,-0.195286,-0.00499,-0.099384,-0.553521,0.87822,-0.374947,0.099509
2.72,0.658,0.011145,0.219137,-0.72602,1.254999,-0.580205,-0.219415,-0.004227,-0.084276,-0.549648,0.885185,-0.385715,0.084381
2.74,0.692,0.012456,0.243945,-0.788451,1.33502,-0.598095,-0.244257,-0.003465,-0.069129,-0.545083,0.890894,-0.39593,0.069215
2.76,0.726,0.013757,0.268275,-0.837739,1.391214,-0.605331,-0.268619,-0.002702,-0.05395,-0.539842,0.895363,-0.405594,0.054017
2.78,0.76,0.014961,0.290505,-0.869789,1.418574,-0.600974,-0.290879,-0.00194,-0.038746,-0.533937,0.898607,-0.414707,0.038794
2.8,0.794,0.015404,0.298608,-0.884188,1.418932,-0.587061,-0.298994,-0.001626,-0.03248,-0.526831,0.899588,-0.422784,0.03252
2.82,0.828,0.01427,0.277788,-0.884816,1.401013,-0.568192,-0.278145,-0.002388,-0.047692,-0.51777,0.896846,-0.429133,0.047752
2.84,0.862,0.012997,0.254105,-0.864441,1.352757,-0.539975,-0.25443,-0.003151,-0.062882,-0.50808,0.892883,-0.434902,0.062961
2.86,0.896,0.011681,0.229323,-0.826176,1.279821,-0.504991,-0.229615,-0.003913,-0.078043,-0.497759,0.887687,-0.44008,0.078141
2.88,0.93,0.010395,0.204818,-0.773223,1.187531,-0.465377,-0.205078,-0.004676,-0.093168,-0.486807,0.881241,-0.444652,0.093285
2.9,0.964,0.009184,0.181513,-0.709045,1.081587,-0.423378,-0.181743,-0.005438,-0.10825,-0.475218,0.873527,-0.448604,0.108386
2.92,0.998,0.008072,0.15992,-0.637696,0.969,-0.381951,-0.160122,-0.006201,-0.123283,-0.462984,0.864518,-0.451916,0.123438
2.94,0.032,0.007064,0.140237,-0.564509,0.859588,-0.345575,-0.140414,-0.006963,-0.13826,-0.450097,0.854184,-0.454569,0.138434
2.96,0.066,0.00629,0.125048,-0.55848,0.863371,-0.355285,-0.125206,-0.007948,-0.157504,-0.521059,0.961588,-0.491156,0.157703
2.98,0.1,0.005528,0.110022,-0.555829,0.872535,-0.36701,-0.11016,-0.009048,-0.178877,-0.599892,1.078192,-0.529111,0.179104
3.0,0.134,0.004766,0.094945,-0.552455,0.8804,-0.378172,-0.095064,-0.010248,-0.202001,-0.676085,1.186879,-0.561833,0.202257
3.02,0.168,0.004003,0.079824,-0.548377,0.886994,-0.388777,-0.079925,-0.011528,-0.226404,-0.745521,1.280718,-0.586508,0.226692
3.04,0.202,0.003241,0.064667,-0.543611,0.892336,-0.398829,-0.064748,-0.012843,-0.251216,-0.804487,1.35424,-0.601375,0.251537
3.06,0.236,0.002478,0.04948,-0.538174,0.896444,-0.408331,-0.049542,-0.014126,-0.275113,-0.849151,1.402489,-0.605294,0.275467
3.08,0.27,0.001716,0.03427,-0.532076,0.899329,-0.417283,-0.034313,-0.015282,-0.29637,-0.875277,1.420337,-0.597341,0.296752
3.1,0.304,0.00185,0.036956,-0.524231,0.898908,-0.424711,-0.037002,-0.015092,-0.292895,-0.886738,1.41718,-0.582668,0.293273
3.12,0.338,0.002613,0.052162,-0.514985,0.895808,-0.430891,-0.052227,-0.013906,-0.271035,-0.880865,1.389702,-0.560734,0.271382
3.14,0.372,0.003375,0.067344,-0.50511,0.891483,-0.436487,-0.067429,-0.012611,-0.24686,-0.854903,1.333628,-0.530289,0.247176
3.16,0.406,0.004138,0.082496,-0.494604,0.885921,-0.441488,-0.082599,-0.011298,-0.222037,-0.811978,1.254445,-0.493726,0.22232
3.18,0.44,0.0049,0.097609,-0.483465,0.879105,-0.44588,-0.097731,-0.01003,-0.197809,-0.755347,1.15751,-0.453159,0.19806
3.2,0.474,0.005663,0.112677,-0.471687,0.871013,-0.449645,-0.112819,-0.008846,-0.17497,-0.688598,1.048793,-0.410971,0.175192
3.22,0.508,0.006425,0.127694,-0.459262,0.861617,-0.452766,-0.127855,-0.007764,-0.15393,-0.616073,0.935945,-0.370471,0.154125
3.24,0.542,0.007234,0.143571,-0.466698,0.879767,-0.463589,-0.143751,-0.006829,-0.135621,-0.559904,0.856105,-0.346665,0.135792
3.26,0.576,0.00826,0.163594,-0.544235,0.996195,-0.502637,-0.163801,-0.006066,-0.120634,-0.557777,0.866203,-0.358793,0.120786
3.28,0.61,0.009391,0.185511,-0.622775,1.111332,-0.53943,-0.185746,-0.005304,-0.105592,-0.554911,0.874981,-0.370351,0.105725
3.3,0.644,0.010618,0.209076,-0.697377,1.216283,-0.57002,-0.209341,-0.004541,-0.090502,-0.551327,0.88247,-0.381348,0.090615
3.32,0.678,0.011913,0.23371,-0.764117,1.304676,-0.591958,-0.234008,-0.003779,-0.07537,-0.547046,0.888694,-0.391791,0.075465
3.34,0.712,0.013227,0.25841,-0.819288,1.371275,-0.603705,-0.258741,-0.003016,-0.060203,-0.542081,0.893672,-0.401681,0.060279
3.36,0.746,0.014484,0.281724,-0.858962,1.41114,-0.604231,-0.282086,-0.002254,-0.045009,-0.536448,0.897419,-0.411021,0.045065
3.38,0.78,0.015581,0.30184,-0.878751,1.418959,-0.592578,-0.30223,-0.001491,-0.029793,-0.530158,0.899946,-0.41981,0.029831
3.4,0.814,0.01476,0.286817,-0.887279,1.412416,-0.577269,-0.287186,-0.002074,-0.04143,-0.521577,0.898123,-0.426589,0.041482
3.42,0.848,0.013532,0.264083,-0.875176,1.375923,-0.552545,-0.264422,-0.002837,-0.05663,-0.512146,0.894664,-0.432598,0.056701
3.44,0.882,0.012223,0.239562,-0.843897,1.312501,-0.520075,-0.239868,-0.003599,-0.071804,-0.502085,0.889977,-0.438021,0.071894
3.46,0.916,0.010918,0.214806,-0.796592,1.227529,-0.482114,-0.215079,-0.004362,-0.086945,-0.491394,0.884048,-0.442844,0.087054
3.48,0.95,0.009672,0.190923,-0.73659,1.126459,-0.440795,-0.191165,-0.005124,-0.102046,-0.480067,0.876859,-0.447053,0.102174
3.5,0.984,0.008517,0.168585,-0.667642,1.01562,-0.398699,-0.168798,-0.005887,-0.1171,-0.4681,0.868386,-0.450631,0.117247
3.52,0.018,0.007466,0.148108,-0.594443,0.903449,-0.35956,-0.148295,-0.006649,-0.1321,-0.455484,0.858602,-0.453558,0.132267
3.54,0.052,0.006604,0.13122,-0.559357,0.859214,-0.350291,-0.131385,-0.007525,-0.149259,-0.489031,0.913456,-0.474988,0.149447
3.56,0.086,0.005842,0.116216,-0.557009,0.86892,-0.362251,-0.116362,-0.008582,-0.16985,-0.567483,1.030659,-0.513906,0.170064
3.58,0.12,0.00508,0.101159,-0.55393,0.877317,-0.373644,-0.101286,-0.009743,-0.19229,-0.645312,1.143575,-0.549203,0.192533
3.6,0.154,0.004317,0.086055,-0.55014,0.884431,-0.384477,-0.086163,-0.010993,-0.216246,-0.717987,1.244247,-0.577453,0.216521
3.62,0.188,0.003555,0.070913,-0.545656,0.890287,-0.394757,-0.071001,-0.012301,-0.241024,-0.781714,1.326748,-0.596524,0.241332
3.64,0.222,0.002792,0.055737,-0.540493,0.894901,-0.404485,-0.055807,-0.013607,-0.265487,-0.832752,1.385999,-0.605064,0.265828
3.66,0.256,0.00203,0.040535,-0.534666,0.898288,-0.413664,-0.040586,-0.014828,-0.288059,-0.867058,1.417026,-0.602119,0.28843
3.68,0.29,0.001536,0.030689,-0.527855,0.899831,-0.422,-0.030727,-0.015523,-0.30078,-0.882587,1.418749,-0.588514,0.301168
3.7,0.324,0.002299,0.045903,-0.518869,0.897232,-0.428416,-0.045961,-0.014413,-0.280423,-0.885892,1.404813,-0.570955,0.280783
3.72,0.358,0.003061,0.061096,-0.509252,0.893413,-0.434254,-0.061173,-0.013151,-0.25698,-0.867827,1.359818,-0.54369,0.257308
3.74,0.392,0.003824,0.076261,-0.499006,0.888362,-0.439502,-0.076357,-0.011836,-0.232247,-0.831503,1.28951,-0.509387,0.232543
3.76,0.426,0.004586,0.091391,-0.488128,0.882065,-0.444146,-0.091505,-0.010543,-0.207653,-0.780106,1.199215,-0.470208,0.207916
3.78,0.46,0.005349,0.106478,-0.476614,0.874501,-0.448172,-0.106612,-0.009322,-0.184172,-0.717054,1.094549,-0.428356,0.184406
3.8,0.494,0.006111,0.121517,-0.464457,0.865646,-0.45156,-0.12167,-0.008197,-0.162363,-0.646305,0.982307,-0.386668,0.162568
3.82,0.528,0.006874,0.136501,-0.451647,0.855469,-0.454292,-0.136673,-0.007177,-0.142453,-0.572993,0.871872,-0.349391,0.142632
3.84,0.562,0.007825,0.155115,-0.511842,0.947768,-0.486534,-0.155311,-0.00638,-0.126812,-0.558743,0.862207,-0.353868,0.126972
3.86,0.596,0.008913,0.176267,-0.590665,1.064727,-0.524849,-0.176489,-0.005618,-0.111792,-0.556179,0.871524,-0.36566,0.111933
3.88,0.63,0.010103,0.199202,-0.667398,1.174747,-0.558358,-0.199454,-0.004855,-0.096721,-0.552888,0.879541,-0.376888,0.096842
3.9,0.664,0.011374,0.223491,-0.737824,1.270634,-0.584087,-0.223775,-0.004093,-0.081605,-0.548892,0.886283,-0.387558,0.081708
3.92,0.698,0.012688,0.248315,-0.798215,1.346807,-0.600175,-0.248632,-0.00333,-0.066452,-0.544207,0.891772,-0.397675,0.066535
3.94,0.732,0.013979,0.272403,-0.844772,1.398286,-0.60543,-0.272752,-0.002568,-0.051268,-0.538848,0.896024,-0.407242,0.051332
3.96,0.766,0.015156,0.294069,-0.873316,1.419999,-0.598928,-0.294448,-0.001805,-0.036061,-0.532827,0.899053,-0.416258,0.036106
3.98,0.8,0.015219,0.295227,-0.885964,1.418252,-0.584552,-0.295608,-0.00176,-0.035165,-0.525277,0.899193,-0.423946,0.035209
4.0,0.834,0.014053,0.273762,-0.882658,1.394531,-0.563808,-0.274114,-0.002523,-0.050374,-0.516106,0.896236,-0.430194,0.050437
4.02,0.868,0.012766,0.249767,-0.858899,1.341527,-0.53423,-0.250086,-0.003285,-0.06556,-0.506304,0.892056,-0.43586,0.065642
4.04,0.902,0.011451,0.224946,-0.817804,1.264788,-0.498277,-0.225233,-0.004048,-0.080715,-0.495873,0.886641,-0.440931,0.080816
4.06,0.936,0.010175,0.200599,-0.762608,1.169651,-0.458067,-0.200853,-0.00481,-0.095833,-0.484808,0.879973,-0.445395,0.095953
4.08,0.97,0.008981,0.177569,-0.696845,1.061968,-0.415923,-0.177793,-0.005573,-0.110907,-0.473106,0.872032,-0.449235,0.111046
4.1,0.004,0.007886,0.156306,-0.624733,0.949119,-0.375003,-0.156503,-0.006335,-0.12593,-0.460758,0.862791,-0.452433,0.126089
4.12,0.038,0.006918,0.137381,-0.560105,0.854829,-0.3452,-0.137554,-0.007121,-0.141342,-0.457946,0.866555,-0.459113,0.14152
4.14,0.072,0.006156,0.1224,-0.558066,0.865084,-0.357396,-0.122554,-0.008134,-0.161138,-0.534948,0.982354,-0.498063,0.161342
4.16,0.106,0.005393,0.107365,-0.555285,0.874016,-0.369021,-0.107499,-0.009253,-0.18284,-0.613657,1.098173,-0.535364,0.183071
4.18,0.14,0.004631,0.09228,-0.551786,0.881655,-0.380084,-0.092395,-0.010469,-0.206233,-0.688936,1.204686,-0.566833,0.206495
4.2,0.174,0.003869,0.077152,-0.547585,0.888027,-0.390591,-0.077249,-0.011759,-0.230785,-0.756793,1.295312,-0.589883,0.231079
4.22,0.208,0.003106,0.061989,-0.5427,0.89315,-0.400546,-0.062067,-0.013074,-0.255544,-0.813522,1.364731,-0.602888,0.255871
4.24,0.242,0.002344,0.046798,-0.537145,0.897041,-0.409951,-0.046856,-0.014342,-0.27911,-0.855237,1.408003,-0.604781,0.279469
4.26,0.276,0.001581,0.031584,-0.530932,0.899712,-0.418805,-0.031624,-0.015464,-0.299703,-0.877612,1.419899,-0.594622,0.30009
4.28,0.31,0.001985,0.039641,-0.522645,0.89845,-0.425844,-0.03969,-0.014895,-0.289289,-0.887298,1.414672,-0.579543,0.289661
4.3,0.344,0.002747,0.054843,-0.513288,0.895134,-0.431921,-0.054912,-0.013682,-0.266885,-0.877655,1.381722,-0.555904,0.267227
4.32,0.378,0.00351,0.070021,-0.503302,0.890592,-0.437413,-0.070108,-0.012378,-0.242485,-0.848471,1.321183,-0.524221,0.242795
4.34,0.412,0.004272,0.085166,-0.492684,0.88481,-0.442308,-0.085272,-0.011069,-0.21769,-0.802884,1.238471,-0.486797,0.217967
4.36,0.446,0.005035,0.100271,-0.481433,0.87777,-0.44659,-0.100397,-0.009814,-0.193662,-0.744192,1.138992,-0.445753,0.193907
4.38,0.48,0.005797,0.115331,-0.469542,0.86945,-0.450243,-0.115476,-0.008648,-0.17112,-0.676077,1.02892,-0.403585,0.171336
4.4,0.514,0.00656,0.130338,-0.457002,0.859822,-0.453248,-0.130503,-0.007584,-0.150417,-0.603084,0.916358,-0.363846,0.150607
4.42,0.548,0.007408,0.146964,-0.480029,0.899884,-0.470401,-0.147149,-0.006694,-0.132981,-0.559584,0.857985,-0.348847,0.133148
4.44,0.582,0.008452,0.167328,-0.558185,1.016908,-0.509432,-0.167539,-0.005932,-0.117984,-0.557324,0.867847,-0.360874,0.118132
4.46,0.616,0.009601,0.189561,-0.636346,1.130797,-0.545364,-0.189802,-0.005169,-0.102933,-0.55433,0.876396,-0.372332,0.103062
4.48,0.65,0.010843,0.213368,-0.709831,1.233243,-0.574574,-0.213639,-0.004407,-0.087834,-0.550622,0.88366,-0.383231,0.087945
4.5,0.684,0.012146,0.238099,-0.774801,1.318154,-0.594806,-0.238403,-0.003644,-0.072696,-0.546219,0.889662,-0.393576,0.072787
4.52,0.718,0.013456,0.262673,-0.827534,1.380395,-0.604638,-0.26301,-0.002882,-0.057524,-0.541135,0.894422,-0.403369,0.057596
4.54,0.752,0.014692,0.285562,-0.864033,1.415013,-0.603092,-0.285929,-0.002119,-0.042325,-0.535386,0.897953,-0.412612,0.042378
4.56,0.786,0.015639,0.302883,-0.880646,1.418042,-0.589783,-0.303274,-0.001446,-0.028898,-0.528871,0.900057,-0.421207,0.028934
4.58,0.82,0.014554,0.283015,-0.886673,1.408184,-0.573585,-0.283379,-0.002209,-0.044114,-0.519959,0.897601,-0.427691,0.044169
4.6,0.854,0.013304,0.259837,-0.870961,1.36653,-0.547308,-0.260169,-0.002971,-0.05931,-0.510416,0.893926,-0.433598,0.059385
4.62,0.888,0.011991,0.235173,-0.836622,1.298922,-0.513716,-0.235473,-0.003734,-0.074479,-0.500244,0.889021,-0.438916,0.074572
4.64,0.922,0.010693,0.210503,-0.786827,1.210699,-0.475002,-0.21077,-0.004496,-0.089613,-0.489441,0.882871,-0.443632,0.089725
4.66,0.956,0.009461,0.186856,-0.724955,1.107405,-0.433336,-0.187092,-0.005259,-0.104706,-0.478002,0.875457,-0.447731,0.104837
4.68,0.99,0.008324,0.164832,-0.654877,0.995633,-0.391444,-0.16504,-0.006021,-0.119751,-0.465921,0.866756,-0.451195,0.119901
4.7,0.024,0.007292,0.144695,-0.581538,0.884367,-0.353358,-0.144877,-0.006784,-0.134741,-0.453189,0.856736,-0.454005,0.134911
4.72,0.058,0.00647,0.128576,-0.558997,0.861024,-0.352444,-0.128738,-0.007704,-0.152753,-0.502673,0.933992,-0.481909,0.152945
4.74,0.092,0.005707,0.113562,-0.556518,0.870496,-0.364302,-0.113705,-0.00878,-0.173681,-0.581409,1.051162,-0.520518,0.1739
4.76,0.126,0.004945,0.098497,-0.553313,0.878665,-0.375596,-0.09862,-0.009958,-0.196422,-0.658624,1.162418,-0.554774,0.196671
4.78,0.16,0.004182,0.083386,-0.549399,0.885555,-0.386331,-0.08349,-0.011221,-0.220586,-0.729988,1.260277,-0.581532,0.220866
4.8,0.194,0.00342,0.068237,-0.544794,0.891191,-0.396514,-0.068322,-0.012533,-0.245404,-0.791752,1.339033,-0.598826,0.245717
4.82,0.228,0.002658,0.053056,-0.539513,0.895588,-0.406145,-0.053122,-0.013832,-0.269659,-0.840144,1.393672,-0.605404,0.270005
4.84,0.262,0.001895,0.037851,-0.533569,0.898759,-0.415226,-0.037898,-0.015027,-0.291707,-0.871041,1.41917,-0.600336,0.292083
4.86,0.296,0.001671,0.033375,-0.526315,0.899461,-0.423174,-0.033417,-0.015343,-0.297497,-0.884863,1.418832,-0.586268,0.297881
4.88,0.33,0.002433,0.048586,-0.517217,0.896647,-0.429489,-0.048647,-0.014198,-0.276455,-0.884169,1.398955,-0.566762,0.27681
4.9,0.364,0.003196,0.063775,-0.50749,0.892612,-0.435224,-0.063855,-0.01292,-0.252662,-0.862655,1.349097,-0.538083,0.252985
4.92,0.398,0.003958,0.078934,-0.497133,0.887342,-0.440366,-0.079033,-0.011604,-0.227863,-0.823435,1.274876,-0.502768,0.228153
4.94,0.432,0.004721,0.094057,-0.486143,0.880823,-0.444902,-0.094175,-0.010322,-0.203407,-0.769723,1.181617,-0.462948,0.203665
4.96,0.466,0.005483,0.109136,-0.474516,0.873033,-0.448816,-0.109273,-0.009116,-0.180192,-0.705002,1.075069,-0.42089,0.18042
4.98,0.5,0.006246,0.124166,-0.462245,0.863947,-0.452091,-0.124322,-0.00801,-0.158709,-0.63338,0.96236,-0.379617,0.158909
5.0,0.534,0.007008,0.139139,-0.449318,0.853534,-0.454704,-0.139314,-0.007008,-0.139139,-0.560295,0.853534,-0.343727,0.139314
